<?xml version="1.0" encoding="utf-8" ?>
<Defs>
  <WorkGiverDef>
    <defName>ConstructUniversal</defName>
    <label>construct</label>
    <giverClass>Prioritize.Workgiver_UniversalConstruct</giverClass>
    <workType>Construction</workType>
    <priorityInType>85</priorityInType>
    <verb>construct</verb>
    <gerund>constructing</gerund>
    <requiredCapacities>
      <li>Manipulation</li>
    </requiredCapacities>
    <prioritizeSustains>true</prioritizeSustains>
    <equivalenceGroup>AssistInConstruction</equivalenceGroup>
  </WorkGiverDef>
  
</Defs>